,actor,url,other_names
0,arvinclub,http://3kp6j22pz3zkv76yutctosa6djpj4yib2icvdqxucdaxxedumhqicpad.onion,
0,babuk,http://nq4zyac4ukl4tykmidbzgdlvaboqeqsemkp4t35bzvjeve6zm2lqcjid.onion,
0,blackbasta,http://stniiomyjliimcgkvdszvgen3eaaoz55hreqqx6o77yvmpwt7gklffqd.onion,
0,alphavm,http://alphvmmm27o3abo3r2mlmjrpdmzle3rykajqc5xsj7j7ejksbpsa36ad.onion,blackcat
0,blackbyte,http://ce6roic2ykdjunyzazsxmjpz5wsar4pflpoqzntyww5c2eskcp7dq4yd.onion,
0,bl4ckt0r,http://bl4cktorpms2gybrcyt52aakcxt6yn37byb65uama5cimhifcscnqkid.onion,
0,cl0p,http://santat7kpllt6iyvqbr7q4amdv6dzrh6paatvyrzl7ry3zm72zigf4ad.onion,
0,conti,http://continewsnv5otx5kaoje7krkto2qbu3gtqef22mnr7eaxw3y6ncz3ad.onion,
0,cryp70n1c0d3,http://7k4yyskpz3rxq5nyokf6ztbpywzbjtdfanweup3skctcxopmt7tq7eid.onion,
0,cuba,http://cuba4ikm4jakjgmkezytyawtdgr2xymvy6nvzgw5cglswg3si76icnqd.onion,
0,everest,http://ransomocmou6mnbquqz44ewosbkjk3o5qjsl3orawojexfook2j7esad.onion,
0,grief,http://griefcameifmv4hfr3auozmovz5yi6m3h3dwbuqw7baomfxoxz4qteid.onion,
0,hive,http://hiveleakdbtnp76ulyhi52eag6c6tyc3xw7ez7iqy6wc34gd2nekazyd.onion,
0,holyghost,http://matmq3z3hiovia3voe2tix2x54sghc3tszj74xgdy4tqtypoycszqzqd.onion,
0,karakurt,http://lhxxtrqraokn63f3nubhbjrzxkrgduq3qogp3yr424tkpvh3z7n4kcyd.onion,
0,karakurt,http://104.243.34.214,
0,kelvinsecurity,http://kelvinsecteamcyber.wixsite.com,
0,lockbit2,http://lockbitapt6vx57t3eeqjofwgcglmutr3a35nygvokja5uuccip4ykyd.onion,
0,lockdataauction,http://wm6mbuzipviusuc42kcggzkdpbhuv45sn7olyamy6mcqqked3waslbqd.onion,
0,lorenz,http://lorenzmlwpzgxq736jzseuterytjueszsvznuibanxomlpkyxk6ksoyd.onion,
0,lvblog,http://rbvuetuneohce3ouxjlbxtimyyxokb4btncxjbo44fbgxqy7tskinwad.onion,
0,lvblog,http://4qbxi3i2oqmyzxsjg4fwe4aly3xkped52gq5orp6efpkeskvchqe27id.onion,
0,medusa,http://qd7pcafncosqfqu3ha6fcx4h6sr7tzwagzpcdcnytiw3b6varaeqv5yd.onion,
0,midas,http://midasbkic5eyfox4dhnijkzc7v7e4hpmsb2qgux7diqbpna4up4rtdad.onion,
0,mosesstaff,http://mosesstaffm7hptp.onion,
0,mosesstaff,http://moses-staff.se/,
0,pandora,http://vbfqeh5nugm6r2u2qvghsdxm3fotf5wbxb5ltv6vw77vus5frdpuaiid.onion,
0,pay2key,http://pay2key2zkg7arp3kv3cuugdaqwuesifnbofun4j6yjdw5ry7zw2asid.onion,
0,quantum,http://quantum445bh3gzuyilxdzs5xdepf3b7lkcupswvkryf3n7hgzpxebid.onion,
0,ragnarlocker,http://rgleaktxuey67yrgspmhvtnrqtgogur35lwdrup4d3igtbm3pupc4lyd.onion,
0,ramp,http://wavbeudogz6byhnardd2lkp2jafims3j7tj6k6qnywchn2csngvtffqd.onion,
0,ransomcartel,http://u67aylig7i6l657wxmp274eoilaowhp3boljowa6bli63rxyzfzsbtyd.onion,
0,ransomhouse,http://xw7au5pnwtl6lozbsudkmyd32n6gnqdngitjdppybudan3x3pjgpmpid.onion,
0,ransomexx,http://rnsm777cdsjrsdlbs4v5qoeppu3px6sb2igmh53jzrx7ipcrbjz5b2ad.onion,
0,revil,http://blogxxu75w63ujqarv476otld7cyjkq4yoswzt4ijadkjwvg3vrvd5yd.onion,
0,snatch,http://hl66646wtlp2naoqnhattngigjp5palgqmbwixepcjyq5i534acgqyad.onion,
0,stormous,http://3slz4povugieoi3tw7sblxoowxhbzxeju427cffsst5fo2tizepwatid.onion,
0,onyx,http://mrdxtxy6vqeqbmb4rvbvueh2kukb3e3mhu3wdothqn7242gztxyzycid.onion,
0,vicesociety,http://vsociethok6sbprvevl4dlwbqrzyhxcxaqpvcqt5belwvsuxaxsutyad.onion,
0,x001xs,http://nalr2uqsave7y2r235am5jsfiklfjh5h4jc5nztu3rzvmhklwt5j6kid.onion,
0,blackbyteauction,http://6iaj3efye3q62xjgfxyegrufhewxew7yt4scxjd45tlfafyja6q4ctqd.onion,
0,darkleakmarket,http://54rdhzjzc4ids4u4wata4zr4ywfon5wpz2ml4q3avelgadpvmdal2vqd.onion,
0,industrialspy,http://spyarea23ttlty6qav3ecmbclpqym3p32lksanoypvrqm6j5onstsjad.onion,
0,marketo,http://jvdamsif53dqjycuozlaye2s47p7xij4x6hzwzwhzrqmv36gkyzohhqd.onion,
0,leaksfromdarknet,http://tdoe2fiiamwkiadhx2a4dfq56ztlqhzl2vckgwmjtoanfaya4kqvvvyd.onion,
0,noname,http://vfokxcdzjbpehgit223vzdzwte47l3zcqtafj34qrr26htjo4uf3obid.onion,
0,noname,http://746pbrxl7acvrlhzshosye3b3udk4plurpxt2pp27pojfhkkaooqiiqd.onion,
0,54bb47h,http://54bb47h5qu4k7l4d7v5ix3i6ak6elysn3net4by4ihmvrhu7cvbskoqd.onion/blog,
0,astroteam,http://anewset3pcya3xvk73hj7yunuamutxxsm5sohkdi32blhmql55tvgqad.onion,
0,atomsilo,http://mhdehvkomeabau7gsetnsrhkfign4jgnx3wajth5yb5h6kvzbd72wlqd.onion,
0,avoslocker,http://avosqxh72b5ia23dl5fgwcpndkctuzqvh2iefk5imp3pi5gfhel5klad.onion,
0,avaddon,http://avaddongun7rngel.onion,
0,blackmatter,http://blackmax7su6mbwtcyo3xwtpfxpm356jjqrs34y4crcytpw7mifuedyd.onion,
0,blackshadow,http://544corkfh5hwhtn4.onion,
0,bonacigroup,http://bonacifryrxr4siz6ptvokuihdzmjzpveruklxumflz5thmkgauty2qd.onion,
0,coomingproject,http://z6mikrtphid5fmn52nbcbg25tj57sowlm3oc25g563yvsfmygkcxqbyd.onion,
0,coomingproject,http://coomingproject.com,
0,darkside,http://darksidc3iux462n6yunevoag52ntvwp6wulaz3zirkmh4cnz6hhj7id.onion,
0,doppelpaymer,http://hpoo4dosa3x4ognfxpqcrjwnsigvslm7kv6hvmhh2yqczaxy3j6qnwad.onion,
0,entropy,http://leaksv7sroztl377bbohzl42i3ddlfsxopcb6355zc7olzigedm5agad.onion,
0,groove,http://ws3dh6av66sjbxxkjpw5ao3wqzmtejnkzheswm4dz5rrwvular7xvkqd.onion,
0,haron,http://ft4zr2jzlqoyob7yg4fcpwyt37hox3ajajqnfkdvbfrkjioyunmqnpad.onion,
0,hitler,http://hitleransomware.cf,
0,hotarus,http://r6d636w47ncnaukrpvlhmtdbvbeltc6enfcuuow3jclpmyga7cz374qd.onion,
0,karmaleaks,http://3nvzqyo6l4wkrzumzu5aod7zbosq4ipgf7ifgj3hsvbcr5vcasordvqd.onion,
0,lockbit,http://lockbitkodidilol.onion,
0,mbc,http://xembshruusobgbvxg4tcjs3jpdnks6xrr6nbokfxadcnlc53yxir22ad.onion,
0,mountlocker,http://mountnewsokhwilx.onion,
0,n3tw0rm,http://n3twormruynhn3oetmxvasum2miix2jgg56xskdoyihra4wthvlgyeyd.onion,
0,nefilim,http://hxt254aygrsziejn.onion,
0,payload.bin,http://vbmisqjshn4yblehk2vbnil53tlqklxsdaztgphcilto3vdj4geao5qd.onion,
0,prometheus,http://promethw27cbrcot.onion/blog/,
0,pysa,http://pysa2bitc5ldeyfak4seeruqymqs4sj5wt5qkcq7aoyg4h2acqieywad.onion/partners.html,
0,ragnarok,http://wobpitin77vdsdiswr43duntv6eqw4rvphedutpaxycjdie6gg3binad.onion,
0,ranzy,http://37rckgo66iydpvgpwve7b2el5q2zhjw4tv4lmyewufnpx4lhkekxkoqd.onion,ako
0,rook,http://gamol6n6p2p4c3ad7gxmx3ur7wwdwlywebo2azv3vv5qlmjmole2zbyd.onion,
0,suncrypt,http://nbzzb6sa6xuura2z.onion,
0,spook,http://spookuhvfyxzph54ikjfwf2mwmxt572krpom7reyayrmxbkizbvkpaid.onion/blog,
0,synack,http://xqkz2rmrqkeqf6sjbrb47jfwnqxcd4o2zvaxxzrpbh2piknms37rw2ad.onion,
0,xingteam,http://xingnewj6m4qytljhfwemngm7r7rogrindbq7wrfeepejgxc3bwci7qd.onion,
